Region,Pop.,Divisions,Major City,Language,Country Code,Secondary Code,Macroregion
Aegean Turkey,10784645,"Izmir, Manisa, Kutahya, Afyonkarahisar, Usak, Denizli, Aydin, Mugla",Izmir,Turkish,TR,,Eastern Europe
Alborz & the Caspian Coast,25793000,"Golestan, Mazandaran, Gilan, Qazvin, Alborz, Tehran, Semnan",Tehran,Persian,IR,,Central Asia
Algerois & Constantinois,20885781,"El Taref, Annaba, Skikda, Jijel, Bejaia, Bordj Bou Arreridj, Setif, Batna, Khenchela, Tebessa, Oum El Bouaghi, Mila, Constantine, Guelma, Souk Ahras, Tizi Ouzou, Boumerdes, Algiers, Bilda, Medea, Ain Defla, Tipaza, Chlef, Bouira",Algiers,Arabic,DZ,,North Africa
Amhara,23216000,,Bahir Dar,Amharic,ET,,East Africa
Andalusia & Extremadura,11875169,"Badajoz, Caceres, Cadiz, Cordoba, Granada, Huelva, Jaen, Las Palmas, Malaga, Santa Cruz de Tenerife, Seville, Gibralter, Almeria",Seville,Spain,ES,,Western Europe
Arunachal Pradesh & Upper Assam,12939006,"Arunachal Pradesh, Tinsukia, Dibrugarh, Dhemaji, Charaideo, Sivasagar, Lakhimpur, Majuli, Jorhat, Golaghat, Sonitpur, Udalguri, Darrang",Dibrugarh,Assamese,IN,,South Asia
Ashanti & Volta Basin,18796881,"Upper West, Upper East, North East, Northern, Savannah, Bono East, Bono, Ahafo, Western North, Ashanti, Oti, Central",Kumasi,English/Twi,GH,,West Africa
Australia,26466385,"Austrlia, Norfolk Island, Christmas Island, Cocos (Keeling) Islands",Melbourne/Sydney,English,AU,NF,Oceania
Austria & Slovenia,11315175,"Austria, Slovenia, Liechtenstein",Vienna,German/Slovene,AT,SI,Western Europe
Awadh,27224083,"Pratapgarh, Sultanpur, Amethi, Raebareli, Lucknow, Barabanki, Faizabad, Ambedkar Nagar, Hardoi",Lucknow,Hindi,IN,,South Asia
Baden-Wurttemberg,11148904,,Stuttgart,German,DE,,Western Europe
Bahia,15128926,,Salvador,Portuguese,BR,,South America
Bahrain,10327744,"Qatar, Bahrain, Eastern (SA), Northern Borders (SA), Al-Jawf (SA)",Doha,Arabic,SA,QA,Middle East
Bajio,18474000,"Queretaro, Guanajuato, Jalisco, Aguascalientes",Guadalajara,Spanish,MX,,North America
Balochistan,12335129,,Quetta,Balochi,PK,,South Asia
Bavaria,13203592,,Munich,German,DE,,Western Europe
Bay of Biscay,13171604,"Bretagne, Pays de la Loire, Nouvelle-Aquitaine",Bordeaux,French,FR,,Western Europe
Bayalu Seeme,25907664,"Mysore, Chamarajanagara, Mandya, Hassan, Tumkur, Bangalore Rural, Bangalore, Chikkaballapura, Kolar, Ramanagara, Chikkamagalur",Bangalore,Kannada,IN,,South Asia
Beijing,26251934,"Beijing, Langfang",Beijing,Mandarin,CN,,China
Bekasi & the West Java Coast,23153930,"Karawang, Subang, Indramayu, Cirebon, Cirebon City, Majalengka, Kuningan, Bekasi, Bekasi City, Depok City, Bogor, Bogor City",Bekasi,Indonesian,ID,,Southeast Asia
Belarus & Chernozemie,20132334,"Belarus, Smolensk, Bryansk, Kursk, Belgorod, Voronezh, Tambov, Lipetsk, Oryol, Ryazan",Minsk,Russian,RU,,Eastern Europe
Belgium & Luxembourg,12462531,"Belgium, Luxembourg",Brussels,French,BE,LU,Western Europe
Benin & Togo,20702496,"Benin, Togo",Lome/Cotonou,French/Fon,BJ,TG,West Africa
Bohai Bay,24430898,"Qinhuangdao, Tangshan, Tianjin",Tianjin,Mandarin,CN,,China
Bolivia,12006031,,Santa Cruz/La Paz,Spanish,BO,,South America
Borneo,24252900,"North Kalimantan, East Kalimantan, South Kalimantan, Central Kalimantan, West Kalimantan, Sabah, Sarawak, Brunei, Labuan",Samarinda/Kuching,Indonesian/Malay,ID,MY,Southeast Asia
Braj,25422644,"Aligarh, Mathura, Hathras, Agra, Bharatpur, Etah, Farrukhabad, Mainpuri, Firozabad, Kanshiram Nagar, Dholpur",Agra,Hindi,IN,,South Asia
Brazilian Amazon,17071975,"Acre, Amazonas, Roraima, Guyana, Para, Amapa, French Guiana, Suriname",Manaus,Portuguese,BR,GY,South America
Buenos Aires,20689665,"Buenos Aires (City), Buenos Aires",Buenos Aires,Spanish,AR,,South America
Bulgaria & Central Balkans,12804411,"Kosovo, Albania, North Macedonia, Bulgaria",Sofia,Bulgarian/Albanian,BG,AL,Eastern Europe
Bundelkhand & Bagelkhand,24909092,"Anuppur, Umaria, Singrauli, Rewa, Satna, Shahdol, Sidhi, Panna, Damoh, Sagar, Chhatarpur, Tikamgarh, Niwari, Mauganj, Satna, Lalitpur, Jhansi, Mahoba, Jalaun, Hamirpur, Banda, Chitrakoot",Jhansi,Hindi,IN,,South Asia
Burkina Faso,22185654,,Ouagadougou,French/Moore,BF,,West Africa
Burundi,12837740,,Bujumbura,Kirundi,BI,,East Africa
Cambodia,17091464,,Phnom Penh,Khmer,KH,,Southeast Asia
Canadian West,11856332,"Manitoba, Saskatchewan, Alberta, British Columbia, Yukon, Northwest Territories, Nunavut",Vancouver,English,CA,,North America
Cape of Good Hope,18666677,"Eastern Cape, Western Cape, Northern Cape, Namibia, Saint Helena, Ascension and Tristan da Cunha (UK)",Cape Town,Afrikaans/English,ZA,NA,South Africa
Carolinas,15557813,"North Carolina, South Carolina",Charlotte,English,US,,North America
Castile & Valencia,17851158,"Albacete, Avila, Burgos, Ciudad Real, Cuenca, Guadalajara, La Rioja, Leon, Madrid, Palencia, Salamanca, Segovia, Soria, Toledo, Valladolid, Zamora, Balearic Islands, Castellon, Valencia, Murcia, Alicante",Madrid,Spain,ES,,Western Europe
Caucasus,16869117,"Georgia, Armenia, Azerbaijan",Baku,Varies,AZ,GE,Eastern Europe
Central & Western Uganda,24265600,"Central, Western",Kampala,Luganda/English,UG,,East Africa
Central African Republic & East Cameroon,13680412,"Central African Repubic, Far North (Cam), North (Cam), Adamawa, East (Cam)",Bangui,French/Sango,CF,CM,Central Africa
Central Anatolia,13031398,"Konya, Nigde, Kayseri, Sivas, Yozgat, Nevsehir, Aksaray, Kirsehir, Kirikkale, Ankara, Eskisehir",Ankara,Turkish,TR,,Eastern Europe
Central and Northern Madhya Pradesh,19948348,"Sheopur, Morena, Bhind, Datia, Gwalior, Shivpuri, Ashoknagar, Guna, Vidisha, Bhopal, Rajgarh, Shajapur, Sehore, Raisen",Bhopal,Hindi,IN,,South Asia
Central Anhui,17750634,"Hefei, Lu’an, Chuzhou",Hefei,Mandarin,CN,,China
Central Brazil,20211950,"Rondonia, Mato Grosso, Mato Grosso do Sul, Goias, Distrito Federal, Tocantins",Brasilia,Portuguese,BR,,South America
Central Germany,10568883,"Hesse, Thuringia, Saxony-Anhalt",Frankfurt am Main,German,DE,,Western Europe
Central Henan,21804588,"Zhengzhou, Kaifeng, Xuchang",Zhengzhou,Mandarin,CN,,China
Central Italy,10373764,"Lazio, Tuscany, Umbria, Vatican City",Rome,Italian,IT,VA,Western Europe
Central Java Northern Coast,18861670,"Brebes, Tegal, Tegal City, Pemalang, Pekalongan, Pekalongan City, Batang, Kendal, Semarang, Semarang City, Demak, Kudus, Jepara, Pati, Rembang, Blora, Grobogan, Salatiga City",Semarang,Javanese,ID,,Southeast Asia
Central Luzon,25872273,"Central Luzon, National Capital Region",Manilla,Filipino/Tagalog,PH,,Southeast Asia
Central Pakistani Punjab,26742354,"Sahiwal, Faisalabad, Sargodha",Faisalabad,Urdu,PK,,South Asia
Central Rajasthan,18732943,"Alwar, Jaipur, Dausa, Ajmer, Tonk, Sawai Modhopur, Karauli",Jaipur,Rajasthani,IN,,South Asia
Central Russia,26381857,"Moscow City, Moscow Oblast, Vladimir, Ivanovo, Kaluga, Tula",Moscow,Russian,RU,,Eastern Europe
Central Sumatra,15886100,"West Sumatra, Riau, Jambi",Padang,Indonesian,ID,,Southeast Asia
Chad,17414717,,N’Djamena,Arabic,TD,,Central Africa
Chandigarh & Northern Haryana,14199851,"Chandigarh, Pachkula, Ambala, Yamuna Nagar, Kurukshetra, Karnal, Kaithal, Jind, Hisar, Fatehabad, Sirsa, Panipat",Chandigarh,Hindi,IN,,South Asia
Changde & the Wuling Mountains,14513520,"Zhangjiajie, Xiangxi AP, Huaihua, Changde",Changde,Mandarin,CN,,China
Chaoshan,23031976,"Heyuan, Shanwei, Jieyang, Shantou, Chaozhou, Meizhou",Shantou,Min,CN,,China
Chengdu Plain,27349137,"Deyang, Chengdu, Meishan",Chengdu,Mandarin,CN,,China
Chesapeake Bay,16488110,"Delaware, Maryland, District of Columbia, Virginia",Washington,English,US,,North America
Chhattisgarh (excl Bastar),22454370,"Balrampur, Surguja, Jashpur, Surajpur, Koriya, Manendragarph-Chirmiri-Bharatpur, Raigarh, Korba, Gaurela-Pendra-Marwahi, Mungeli, Bilaspur, Janjgir-Champa, Shakti, Sarangarh-Bhilaigarh, Mahasamund, Baloda Bazar, Raipur, Gariaband, Dhamtari, Kabirdham, Bemetara, Durg, Balod, Khairagarh-Chhuikhadan-Gandai, Rajnandgaon, Mohla-Manpur",Raipur/Bhilai,Chhattisgarhi,IN,,South Asia
Chiapas & the Yucatan,13712471,"Belize, Quintana Roo, Yucatan, Campeche, Tabasco, Chiapas",Merida,Spanish,MX,BZ,North America
Chile,19960889,,Santiago,Spanish,CL,,South America
Chittagong Hill Tracts,19109692,"Noakhali, Feni, Khagrachhari, Rangamati, Chittagong, Bandarban, Cox’s Bazar",Chattogram,Bengali,BD,,South Asia
Chola Nadu & Pandya Nadu,26758981,"Pudukkottai, Tiruchirappalli, Perambalur, Ariyalur, Thanjavur, Tiruvarur, Nagapattinam, Kariakal (PD), Mayiladuthurai, Theni, Madurai, Sivagangai, Ramanathapuram, Virudhunagar. Tenkasi, Thoothukudi, Tirunelveli, Kanyakumari",Madurai,Tamil,IN,,South Asia
Chongqing,17730698,"Yubei, Beibei, Bishan, Shapingba, Yuzhong, Jiangbei, Nan’an, Banan, Dadukou, Jiulongpo, Jiangjin, Yongchuan, Rongchang, Dazu, Tongliang, Tongnan, Hechuan",Chongqing,Mandarin,CN,,China
Chubu,20876081,"Nigata, Nagano, Yamanashia, Shizuoka, Aichi, Gifu, Toyama, Ishikawa, Fukui",Nagoya,Japanese,JP,,Sea of Japan
Chugoku & Shikoku,10677251,"Tottori, Okayama, Hiroshima, Shimane, Yamaguchi, Ehime, Kochi, Tokushima, Kagawa",Hiroshima,Japanese,JP,,Sea of Japan
Coastal Angola,13221115,"Cabinda, Bengo, Luanda, Cuanza Sul, Benguela, Namibe, Zaire",Luanda,Portuguese,AO,,Central Africa
Coastal Odisha,21817821,"Ganjam, Nayagarh, Khordha, Puri, Cuttack, Jagatsinghpur, Kendrapara, Jajpur, Bhadrak, Balasore, Mayurbhanj",Bhubaneswar,Odia,IN,,South Asia
Colombian Caribbean,11732220,"La Guajira, Cesar, Magdalena, Atlantico, San Andres y Providencia, Bolivar, Sucre, Cordoba",Barranquilla/Cartagena,Spanish,CO,,South America
Colombian Pacific & Massif,10217267,"Narino, Cauca, Valle del Cauca, Choco, Huila, Putumayo, Caqueta",Cali,Spanish,CO,,South America
Congo Basin,22171000,"Maniema, Tshopo, Ituri, Haut-Uele, Bas-Uele, Nord-Ubangi, Sud-Ubangi, Mongala, Tshuapa, Equateur",Kisangani,Swahili/Lingala,CD,,Central Africa
Corn Belt,19090686,"South Dakota, Iowa, Nebraska, Missouri, Kansas, Oklahoma",Kansas City,English,US,,North America
Cuba,11160616,"Cuba, Cayman Islands",Havana,Spanish,CU,KY,Caribbean
Czech Republic,10882235,,Prague,Czech,CZ,,Eastern Europe
Dabie Mountains,10650402,"Huangshan, Chizhou, Anqing, Xuancheng, Tongling",Anqing,Mandarin,CN,,China
Darfur & Kordofan,25844142,"West Darfur, Central Darfur, South Darfur, East Darfur, North Darfur, West Kordofan, South Kordofan, North Kordofan, Gezira",Nyala,Arabic,SD,,East Africa
Daxue Mountains,10665333,"Panzhihua, Liangshan Yi AP, Yaan, Leshan, Yibin",Leshan,Mandarin,CN,,China
Deep South,18373697,"Tennessee, Alabama, Mississippi, Louisiana, Arkansas",Nashville,English,US,,North America
Delhi,21359000,,Delhi,Hindi,IN,,South Asia
Delhi Western Suburbs,12382611,"Faridabad, Palwal, Nuh, Gurgaon, Rewari, Mahendragarh, Jhajjar, Charkhi Dadri, Bhiwani, Rohtak, Sonipat",Faridabad/Gurugram,Hindi,IN,,South Asia
Desh,21294064,"Ahmednagar, Pune, Satara, Solapur",Pune,Marathi,IN,,South Asia
Dominican Republic,10760028,,Santo Domingo,Spanish,DO,,Caribbean
East Germany,10272762,"Berlin, Brandenburg, Saxony",Berlin,German,DE,,Western Europe
East Heilongjiang,10644691,"Mudanjiang, Jixi, Qitaihe, Shuangyashan, Jiamusi, Hegang",Mundanjiang/Jixi,Mandarin,CN,,China
East Henan,19210336,"Shangqiu, Zhoukou, Luohe",Shangqiu,Mandarin,CN,,China
East Hubei,28864801,"Suizhou, Xiaogan, Wuhan, Xianning, Huangshi, Ezhou, Huanggang",Wuhan,Mandarin,CN,,China
East Java Volcanoes,25987865,"Pacitan, Ponorogo, Magetan, Madiun City, Madiun, Nganjuk, Kediri, Kediri City, Trenggalek, Tulungagung, Blitar, Blitar City, Jombang, Mojokerto, Mojokerto City, Pasuruan, Pasuruan City, Malang, Malang City, Batu City, Lumajang, Probolinggo, Probolinggo City, Situbondo, Bondowoso, Jember, Banyuwangi",Malang,Javanese,ID,,Southeast Asia
East Mindanao,12370915,"Caraga, Davao, Soccsksargen",Davao City,Filipino/Cebuano,PH,,Southeast Asia
East Mithila,29888602,"Kishanganj, Araria, Purnia, Katihar, Bhagalpur, Banka, Jamui, Lakhisarai, Munger, Supaul, Madhepura, Saharsa, Khagaria, Sahibganj, Pakur",Bhagalpur,Hindi,IN,,South Asia
Eastern & Northern Uganda,21242400,"Eastern, Northern",Gulu/Lira,Swahili,UG,,East Africa
Eastern Colombian Andes & Amazon,18831893,"Norte de Santander, Santander, Boyaca, Cundinamarca, Capital District, Meta, Casanare, Arauca, Vichada, Guainia, Guaviare, Vaupes, Amazonas",Bogota,Spanish,CO,,South America
Eastern Gulf of Guinea,17146042,"Gabon, Equatorial Guinea, Sao Tome and Principe, South (Cam), Littoral (Cam), Southwest (Cam), Northwest (Cam), West (Cam), Central (Cam)",Yaounde/Douala,Varies,CM,GA,Central Africa
Eastern Himalayas,14055297,"Bhutan, Sikkim, Alipurduar, Koch Bihar, Jalpaiguri, Kalimpong, Darjeeling, Dhubri (As), Kokrajhar (As), Bongaigaon (As), Chirang (As), South Salamara-Mankachar (As)*",Siliguri,Bengali/Dzongkha,IN,BT,South Asia
Ecuador,16938986,,Guayaquil/Quito,Spanish,EC,,South America
Edo,13584578,"Edo, Ondo, Kogi",Benin City,English,NG,,West Africa
Finland & the Baltic States,12743285,"Estonia, Latvia, Lithuania, Finland, Kaliningrad (Ru), Finland, Aland Islands",Helsinki,Varies,FI,LT,Eastern Europe
Five Rivers of Punjab,23729462,"Bahawalpur, Multan",Multan,Urdu,PK,,South Asia
Florida,21538187,,Miami,English,US,,North America
Free Ukraine,26907661,"Sumy, Chernihiv, Poltava, Kyiv, Kyiv City, Cherkasy, Kirovohrad, Mykolaiv, Odessa, Vinnytsia, Zhytomyr, Khmelntskyi, Ternopil, Chernivtsi, Ivano-Frankivsk, Zakarpattia, Lviv, Volyn, Rivne",Kyiv,Ukrainian,UA,,Eastern Europe
Ganges Delta & Andaman and Nicobar Islands,28239036,"Nadia, North Twenty Four Parganas, Kolkata, South Twenty Four Parganas, Andaman and Nicobar Islands",Kolkata,Bengali,IN,,South Asia
Ganges River in Bihar,28413645,"Buxar, Bhojpur, Patna, Siwan, Siran, Vaishali, Gopalganj, Muzaffarpur",Patna,Hindi,IN,,South Asia
Gangwon & Yeongnam,14526612,"Gangwon, North Gyongsang, Ulsan, Busan, South Gyongsang, Daegu",Busan,Korean,KR,,Sea of Japan
Georgia,10711908,,Atlanta,English,US,,North America
Ghanaian Coast,12035138,"Western, Central, Greater Accra, Volta",Accra,English,GH,,West Africa
Gilgit-Baltistan & Swat Valley,15426423,"Gilgit-Balitistan, Malakand (KP), Hazara (KP)",Mingora,Urdu,PK,,South Asia
Godavari Valley,17043988,"Kanker, Kondagaeon, Narayanpur, Bijapur, Dantewada, Bastar, Sukma, Bhadraadri Kothagudem, Mulugu, Jayashankar Bhupalpolly, Peddapalli, Mancherial, Jagtial, Nirmal, Nizamabad, Adilabad, Kumuram Bheem Asifabad, Karimnagar, Rajanna Sircilla, Kamareddy, Siddipet, Warangal, Hanamkonda, Mahabubabad",Warangal,Telugu,IN,,South Asia
Great Rift Valley,15080223,"Nairobi, Kiambu, Nakuru, Narok, Baringo, Uasin Gishu, Elgeyo-Marakwet, Trans Nzoia, Bungoma",Nairobi,Swahili,KE,,East Africa
Greater Bangkok & Eastern Thailand,17966000,"Samut Sakhon, Nakhon Pathom, Nonthaburi, Bangkok, Pathum Thani, Samut Prakan, Trat, Chanthaburi, Sa Kaew, Prachinburi, Chachoengsao, Chonburi, Rayong, Samut Songkhram, Nakhon Nayok, Phra Nakhon Si Ayutthaya, Saraburi",Bangkok,Thai,TH,,Southeast Asia
Greater Cairo,26128463,"Cairo, Giza, Qalyubia",Cairo,Arabic,EG,,North Africa
Greater Changsha & Yueyang,23439274,"Zhuzhou, Xiangtan, Changsha, Yiyang, Yueyang",Changsha,Xiang,CN,,China
Greater Dhaka,29674531,"Dhaka District, Gazipur, Narsingdi, Narayanganj, Munshiganj, Mankiganj",Dhaka,Bengali,BD,,South Asia
Greater London & East of England,15238560,"Greater London, East of England",London,English,GB,,Western Europe
Greece & Cyprus,11332082,"Greece, Cyprus",Athens,Greek,GR,CY,Eastern Europe
Guatemala,17602431,,Guatemala City,Spanish,GT,,Central America
Guinea & Guinea-Bissau,15042946,"Guinea, Guinea-Bissau",Conakry,French,GN,GW,West Africa
Gulf of California,11876000,"Baja California Sur, Baja California, Sonora, Sinaloa, Nayarit",Mexicali/Culiacan,Spanish,MX,,North America
Gyeonggi,13511676,,Suwon,Korean,KR,,Sea of Japan
Hadoti & South Rajasthan,18963913,"Sirohi, Udaipur, Dungarpur, Banswara, Rajsamand, Chittaurgarh, Bhilwara, Bundi, Kota, Baran, Jhalawar, Pratapgarh",Kota,Rajasthani,IN,,South Asia
Hainan,10081232,,Haikou,Min,CN,,China
Haiti,11743017,,Port-au-Prince,French,HT,,Caribbean
Han Valley,20946819,"Shiyan, Xiangyang, Jingmen, Jingzhou, Tianmen, Qianjiang, Xiantao",Xiangyang,Mandarin,CN,,China
Hejaz,11384656,"Tabuk, Medina, Mecca, Al-Bahah",Jeddah,Arabic,SA,,Middle East
Hexi Corridor,10273922,"Jiuquan, Jiayuguan, Zhangye, Jinchang, Wuwei, Lanzhou, Baiyin",Lanzhou,Mandarin,CN,,China
Highveld,24174382,"North West, Gauteng, Free State, Lesotho",Johannesburg,English,ZA,LS,South Africa
Hokkaido & Tohoku,13463362,"Hokkaido, Aomori, Iwaate, Miyagi, Akita, Yamagata, Fukushima",Sapporo,Japanese,JP,,Sea of Japan
Honduras & El Salvador,16630037,"Honduras, El Salvador",Tagucigalpa/San Salvador,Spanish,HN,SV,Central America
Hong Kong & Shenzhen & Hong Kong,24621261,"Hong Kong, Shenzhen",Shenzhen/Hong Kong,Cantonese,HK,CN,China
Hoseo & Honam,11449454,"North Chungcheongm Sejong, Dejeonm South Chungcheong, Jeonbuk, South Jeolla, Gwangju, Jeju",Daejeon/Gwangju,Korean,KR,,Sea of Japan
Houthi Yemen,20744472,"Sa’dah, Hajjah, ‘Amran, Al Hudaydah, Ibb, Dhamar, Al Bayda, Raymah, Sana’a, Amanat Al Asimah, Al Mahwit, Al Jawf",Sana’a,Arabic,YE,,Middle East
Huai River Basin,26821785,"Fuyang, Huainan, Bengbu, Bozhou, Huaibei, Suzhou",Bengbu,Mandarin,CN,,China
Hungary & Slovakia,15023553,"Slovakia, Hungary",Budapest,Hungarian/Slovakian,HU,SK,Eastern Europe
Igboland,26187848,"Anambra, Imo, Abia, Enugu, Ebonyi, Cross River",Aba/Enugu,Igbo/English,NG,,West Africa
Ile de France & Burgundy,18367648,"Ile-de-France, Centre-Val de Loire, Bourgogne-Franche-Comte",Paris,French,FR,,Western Europe
Illinois,12812508,,Chicago,English,US,,North America
Indian Majha & Jalandhar Doab,11116299,"Tarn Taran, Amritsar, Gurdaspur, Parthankot, Hushiarpur, Kapurthala, Jalandhar, Sahid Bhagat Singh Nagar",Amritsar,Punjabi,IN,,South Asia
Indian Western Himalayas,19405000,"Uttarakhand, Himachal Pradesh, Ladakh",Dehradun,Hindi,IN,,South Asia
Indus River Delta,19617821,"Karachi, Banbhore",Karachi,Urdu,PK,,South Asia
Indus River in Punjab,19195897,"Mianwali, Der Ghazi Khan",Dera Ghazi Khan,Urdu,PK,,South Asia
Inland Angola,12567909,"Huila, Cunene, Cuando Cubango, Huambo, Bie, Moxico, Lunda Sul, Lunda Norte, Malanje, Cuanza Norte, Uige",Huambo,Portuguese,AO,,Central Africa
Inner Hangzhou Bay,22607855,"Jiaxing, Hangzhou, Shaoxing",Hangzhou,Wu,CN,,China
Iranian Azerbaijan,11204000,"West Azerbaijan, East Azerbaijan, Ardabil, Kurdistan, Zanjan",Tabriz,Persian/Azerbaijani,IR,,Central Asia
Ireland & Northern England,17281806,"Ireland, Northern Ireland, Isle of Man, North West (Eng.), North East (Eng)",Manchester/Dublin,English,IE,GB,Western Europe
Isan,16419000,"Nakhon Ratchasima, Buriram, Surin, Sisaket, Ubon Ratchathani, Amnat Charoen, Yasothon, Roi Et, Maha Sarkham, Khon Kaen, Chaiyaphum, Kalasin",Nakhon Ratchasima/Khon Kaen,Lao/Thai,TH,,Southeast Asia
Israel & Palestine,15310450,"Israel, Palestine",Tel Aviv,Hebrew/Arabic,IL,PS,Middle East
Italian Adriatic Coast,11585889,"Apulia, Molise, Abruzzo, Marche, San Marino, Emilia-Romagna",Bologna,Italian,IT,SM,Western Europe
Italian Riviera & Alps,11439181,"Liguria, Aosta Valley, Piedmont, Varese (L), Como (L), Lecco (L), Sondrio (L), Brescia (L), Trentino-South Tyrol, Bergamo (L)",Turin,Italian,IT,,Western Europe
Ivory Coast,29389150,,Abidjan,French,CI,,West Africa
Jakarta & Banten,22932000,"Jakarta, Banten",Jakarta,Indonesian,ID,,Southeast Asia
Jammu and Kashmir,13603000,,Srinagar,Kashmiri/Dogri,IN,,South Asia
Jharkhand (excl. Santhal Pargana),26019037,"Dhanbad, Giridih, Koderma, Hazaribagh, Bokaro, Ramgarh, Ranchi, Khunti, Seraikela Kharsawan, East Singhbhum, West Singhbhum, Simdega, Gumla, Lohardaga, Latehar, Chatra, Palamu, Garhwa",Ranchi/Jamshedpur,Hindi,IN,,South Asia
Jilin,24073453,,Changchun,Mandarin,CN,,China
Jordan,11302000,,Amman,Arabic,JO,,Middle East
Jutland,10501209,"Denmark, Schleswig-Holstein, Mecklenburg-Vorpommern",Copenhagen,Danish/German,DK,DE,Western Europe
Kano & Kaduna,22577834,"Kano, Kaduna",Kano,Hausa/English,NG,,West Africa
Kansai,22018954,"Shiga, Mie, Nara, Wakayama, Osaka, Kyoto, Hyogo",Osaka,Japanese,JP,,Sea of Japan
Karavali & Northwest Karnataka,16592457,"Kodagu, Uttara Kannada, Udupi, Dakshina Kannada, Belagavi, Dharwad, Bagalkote, Gadag, Shimoga",Hubballi-Dharwad/Mangalore,Kannada,IN,,South Asia
Kasai & Kwilu,26394000,"Lomami, Kasai-Oriental, Kasai-Central, Sukuru, Kasai, Mai-Ndombe, Kwilu, Kwango",Mbuji-Mayi,Tshiluba/Kituba,CD,,Central Africa
Katanga,15385000,"Tanganika, Haut-Lomami, Lualaba, Haut-Katanga",Lubumbashi,Swahili,CD,,Central Africa
Kazakhstan,20014575,,Alamty/Astana,Kazakh,KZ,,Central Asia
Kenyan Swahili Coast,10061227,"Kwale, Mombasa, Kilifi, Tana River, Lamu, Taita Taveta, Garissa, Wajir, Mandera, Makueni, Kitui, Kajiado",Mombasa,Swahili,KE,,East Africa
Khandesh,14036261,"Jalgaon, Dhule, Nandurbar, Nashik",Nashik,Marathi,IN,,South Asia
Khulna,17416645,,Khulna,Bengali,BD,,South Asia
Kilimanjaro & the Serengeti,13576389,"Kilimanjaro, Arusha, Mara, Manyara, Dodoma, Singida",Arusha/Dodoma,Swahili,TZ,,East Africa
Kivu,14139000,"South Kivu, North Kivu",Bukavu/Goma,Swahili,CD,,Central Africa
Kongu Nadu,20747734,"Nilgiris, Coimbatore, Tiruppur, Dindigul, Karur, Erode, Namakkal, Salem, Dharmapuri, Krishnagiri",Coimbatore,Tamil,IN,,South Asia
Kunming & Eastern Yunnan,27300024,"Kunming, Quijing, Zhaotong, Honghe Hani and Yi, Wenshan Zhuang and Miao",Kunming,Mandarin,CN,,China
KwaZulu-Natal & the Lowveld,25363313,"Limpopo, Mpumalanga, Eswatini, Kwazulu-Natal",Durban,Zulu/English,ZA,SZ,South Africa
Kyrgyzstan & the Ferghana Valley,17396900,"Kyrgyzstan, Andijan, Fergana, Namangan",Bishkek,Uzbek/Kyrgyz,KG,UZ,Central Asia
Kyushu,14033454,"Kagoshima, Miyazaki, Kumamoto, Oita, Fukuoka, Saga, Nagasaki, Okinawa",Fukuoka,Japanese,JP,,Sea of Japan
Lagos,12772884,,Lagos,English/Yoruba,NG,,West Africa
Lahore,24507501,"Lahore, Gujranwala",Lahore,Urdu,PK,,South Asia
Laizou Bay,14870053,"Weifang, Dongying, Binzhou",Weifang,Mandarin,CN,,China
Lake Poyang,20119573,"Jiujiang, Nanchang, Shangrao, Jingdezhen, Yingtan",Nanchang,Gan,CN,,China
Lake Tai,28856097,"Suzhou, Wuxi, Changzhou, Huzhou",Suzhou,Wu,CN,,China
Lake Tanganyika & Tanzania’s Southern Highlands,12784353,"Ruvuma, Njombe, Mbeya, Songwe, Rukwa, Iringa, Katavi, Kigoma",Mbeya,Swahili,TZ,,East Africa
Lake Victoria in Tanzania,17440254,"Kagera, Geita, Mwanza, Simiyu, Shinyanga, Tabora",Mwanza,Swahili,TZ,,East Africa
Lakshadweep & North Kerala,21171467,"Ernakulam, Thrissur, Palakkad, Malappuram, Kozhikode, Wayanad, Kannur, Kasargod, Lakshwadeep, Mahe",Kozhikode/Malappuram,Malayalam,IN,,South Asia
Laos & Northeast Thailand,13410000,"Laos, Loei, Nong Bua Lam Phu, Nong Khai, Udon Thani, Sakon Nakhon, Bueng Kan, Nakhon Phanom, Mukdahan",Vientiane,Lao,LA,TH,Southeast Asia
Lesser Sundra Islands,16709762,"Bali, West Nusa Tenggara, East Nusa Tenggara, East Timor",Denpasar,Indonesian,ID,TL,Southeast Asia
Liaodong Peninsula & Qian Mountains,20915943,"Dalian, Yingkou, Dandong, Anshan, Liaoyang, Benxi, Fushun",Dailan,Mandarin,CN,,China
Liaoning Plains,22830380,"Tieling, Shenyang, Fuxin, Panjin, Jinzhou, Chaoyang, Huludao",Shenyang,Mandarin,CN,,China
Linyi and Haizhou Bay,26982235,"Huai’an, Suqian, Lianyungang, Linyi",Linyi,Mandarin,CN,,China
Loess Plateau,11658960,"Weinan, Tongchuan, Yan’an, Yulin",Yulin/Yan’an,Mandarin,CN,,China
Lower Congo,26387869,"Republic of Congo, Kinshasa, Kongo Central",Kinshasa,French/Lingala,CD,CG,Central Africa
Lower Doab,24290510,"Allahabad, Kaushambi, Fatehpur, Kanpur Nagar, Kanpur Dehat, Auraiya, Etawah, Kannauj, Unnao",Kanpur/Prayagraj,Hindi,IN,,South Asia
Lower Mesopotamia,19026557,"Karbala, Babil, Wasit, Al-Qadisiyah, Najaf, Muthanna, Dhi Qar, Maysan, Basra, Kuwait",Kuwait City,Arabic,KW,IQ,Middle East
Lower Myanmar,26638585,"Tanintharyi, Mon, Kayin, Bago, Yangon, Ayeyarwady, Rakhine",Yangon,Burmese,MM,,Southeast Asia
Lower Saxony,10613608,"Lower Saxony, Bremen, Hamburg",Hamburg,German,DE,,Western Europe
Lower Yangtze,23508823,"Nantong, Yancheng, Taizhou, Yangzhou",Nantong,Wu/Mandarin,CN,,China
Madagascar & East African Islands,29146051,"Madagascar, Reunion, Mauritius, Seychelles",Antananarivo,Malagasy,MG,MU,South Africa
Mahakoshal,15165542,"Katni, Jabalpur, Dindori, Mandla, Balaghat, Seoni, Narsinghpur, Chhindwara, Betul, Harda, Narmadapuram, Pandhurna",Jabalpur,Hindi,IN,,South Asia
Malawi,21507723,,Lilongwe,Chichewa/English,MW,,South Africa
Mali,22395489,,Bamako,Bambara,ML,,West Africa
Malwa,20286773,"Neemuch, Mandsaur, Ratlam, Jhabua, Alirajpur, Dhar, Barwani, Khargone, Burhanpur, Khandwa, Dewas, Indore, Ujjain, Agar Malwa",Indore,Hindi,IN,,South Asia
Marathwada,17672261,"Aurangabad, Jaina, Osmanabad, Latur, Nanded, Prabhani, Bid, Hingoli",Aurangabad,Marathi,IN,,South Asia
Marmara,26302134,"Edirne, Kirklareli, Tekirdag, Canakkale, Balikesir, Istanbul, Bursa, Yalova, Kocaeli, Sakarya, Bilecik",Istanbul,Turkish,TR,,Eastern Europe
Mediterranean & Saharan Morocco,11298678,"Dakhla-Oued Ed-Dahab, Laayoune-Sakia El Hamra, Guelmim-Oued Noun, Souss-Massa, Draa-Tafilalet, L’Oriental, Melilla (Spain), Tanger-Tetouan-Al Hoceima, Ceuta (Spain)",Tangier,Arabic,MA,,North Africa
Mediterranean Turkey,10359142,"Hatay, Osmaniye, Adana, Mersin, Antalya, Burdur, Isparta, Karaman, Northern Cyprus",Antalya,Turkish,TR,,Eastern Europe
Meghalaya & Central Assam,19120204,"Meghalaya, Goalpara, West Karbi Anglong, Dima Hasao, Karbi Anglong, Cachar, Hailakandi, Karimganj, Kamrup, Kamrup Metropolitan, Barpeta, Nalbari, Baksa, Morigaon, Nagaon",Guwahati,Assamese,IN,,South Asia
Meio-Norte,10547623,"Maranhao, Piaui",Sao Luis,Portuguese,BR,,South America
Mekong Delta,17119000,"Ca Mau, Bac Lieu, Soc Trang, Hau Giang, Kien Giang, Can Tho, An Giang, Dong Thap, Vinh Long, Tra Vinh, Ben Tre, Tien Giang",Can Tho,Vietnamese,VN,,Southeast Asia
Mexican Sierra Nevada & Veracruz,18061000,"Morelos, Puebla, Tlaxcala, Veracruz",Puebla,Spanish,MX,,North America
Middle Belt of Nigeria,29977869,"Adamawa, Taraba, Plateau, Nasarawa, Federal Capital Territory, Benue, Niger (Nigeria)",Abuja/Jos,Yoruba/English,NG,,West Africa
Middle Egypt,19164020,"Faiyum, Beni Suef, Minya, Asyut",Asyut/Faiyum,Arabic,EG,,North Africa
Minas Gerais,21279353,,Belo Horizonte,Portuguese,BR,,South America
Minnan Golden Triangle,24934934,"Putian, Quanzhou, Xiamen, Zhangzhou, Longyan",Xiamen,Min,CN,,China
Mojave & Sonoran Deserts,15121105,"Arizona, Nevada, Imperial (CA), Inyo (CA), Riverside (CA), San Bernardino (CA)",Phoenix,English,US,,North America
Mongolian Plateau,27506703,"Mongolia, Inner Mongolia",Baotou/Ulaanbaatar,Mongolian/Mandarin,CN,MN,China
Moroccan Plateau,22720842,"Fes-Meknes, Rabat-Sale-Kenitra, Casablanca-Settat, Beni Mellal-Khenifra, Marrakech-Safi",Casablanca,Arabic,MA,,North Africa
Mount Kenya & Lake Turkana,10716817,"Turkana, West Pokot, Samburu, Marsabit, Isiolo, Meru, Laikipia, Nyeri, Kirinyaga, Embu, Tharaka-Nithi, Murang’a, Machakos, Nyandarua",Lodwar/Meru,Swahili,KE,,East Africa
Mount Tai,29495415,"Tai’an, Jinan, Zibo, Dezhou, Liaocheng",Jinan,Mandarin,CN,,China
Mymensingh,19530736,"Mymensingh, Tangail, Kishoreganj",Mymensigh,Bengali,BD,,South Asia
Najd,14695915,"Riyadh, Al-Qassim, Ha’il, ‘Asir, Jazan, Najran",Riyadh,Arabic,SA,,Middle East
Nanjing,18329453,"Nanjing, Zhenjiang, Ma’anshan, Wuhu",Nanjing,Mandarin,CN,,China
Nanning & Chinese Gulf of Tonkin,26400080,"Beihei, Qinzhou, Fangchenggang, Chongzuo, Nanning, Baise, Yulin",Nanning,Mandarin,CN,,China
Nansi Lake,20894835,"Jining, Zaozhang, Xuzhou",Xuzhou,Mandarin,CN,,China
Nepal,29164578,,Kathmandu,Nepali,NP,,South Asia
Netherlands,17811291,Mainland (Nl),Amsterdam,Dutch,NL,,Western Europe
New England,15116205,"Maine, New Hampshire, Vermont, Massachusetts, Rhode Island, Connecticut",Boston,English,US,,North America
New York,20201249,,New York City,English,US,,North America
New Zealand & Pacific Islands,10050828,"New Zealand, New Caledonia, Vanuatu, Solomon Islands, Fiji, Tonga, Niue, Wallis and Futuna, Samoa, American Samoa, Cook Islands, French Polynesia, Tuvalu, Tokelau, Nauru, Micronesia, Marshall Islands, Northern Mariana Islands, Guam, Palau, Kiribati, Pitcairn Islands, Hawaii",Auckland,Varies,NZ,US,Oceania
"Nicaragua, Costa Rica, and Panama",16333394,"Nicaragua, Costa Rica, Panama",Panama City/San Jose,Spanish,NI,CR,Central America
Niger,25369415,,Niamey,Hausa/French,NE,,West Africa
Niger River Delta,19517822,"Delta, Bayelsa, Rivers, Akwa Ibom",Port Harcourt,English,NG,,West Africa
Nile Delta,27182243,"Monufia, Gharbia, Kafr el-Sheikh, Beheira, Alexandria, Matrouh",Alexandria,Arabic,EG,,North Africa
Ningxia Hui & Southern Gansu,21948563,"Ningxia, Qingyang, Pingliang, Tianshui, Longnan, Dingxi, Linxia Hui AP, Gannan Tibetan AP",Yinchuan,Mandarin,CN,,China
North Bengal Plains,26283211,"Uttar Dinajpur, Dakshin Dinajpur, Maldah, Rangpur (Bgldsh)",Rangpur,Bengali,BD,IN,South Asia
North Central Mexico,10515000,"Chihuahua, Coahuila, Durango, Zacatecas",Juarez,Spanish,MX,,North America
North Central Uttar Pradesh,11992966,"Bahraich, Lakhimpur Kheri, Sitapur",Bahraich,Hindi,IN,,South Asia
North Gujarat,24351618,"Banaskantha, Patan, Mehsana, Sabarkantha, Gandhinagar, Ahmedabad, Botad, Kheda, Aravalli, Mahisagar, Panchmahal, Dohad",Ahmedabad,Gujarati,IN,,South Asia
North Henan & West Shandong,25355297,"Puyang, Anyang, Hebi, Xinxiang, Heze",Xinxiang,Mandarin,CN,,China
North Konkan,23502521,"Palaghar, Thane, Mumbai Suburban, Mumbai (City)",Mumbai,Marathi,IN,,South Asia
North Korea,25660000,,Pyongyang,Korean,KP,,Sea of Japan
North Shanxi,16919933,"Datong, Shuozhou, Xinzhou, Taiyuan, Jinzhong, Yangquan",Taiyuan,Mandarin,CN,,China
North Sumatra,20563100,"Aceh, North Sumatra",Medan,Indonesian,ID,,Southeast Asia
Northeast Afghanistan,18922915,"Badakhshan, Takhar, Kunduz, Baghlan, Panjshir, Nuristan, Kunar, Nangarhar, Laghman, Kabul, Kapisa, Logar, Paktia, Khost, Parwan, Wardak, Bamyan, Samangan, Balkh",Kabul,Persian,AF,,Central Asia
Northeast Nigeria,27092972,"Borno, Yobe, Gombe, Bauchi, Jigawa",Maiduguri,Hausa/English,NG,,West Africa
Northern Balkans,14390615,"Croatia, Bosnia and Herzegovina, Serbia, Montenegro",Belgrade,Serbo-Croatian,RS,HR,Eastern Europe
Northern California,15541260,"Alameda, Alpine, Amado, Butte, Calaveras, Colusa, Contra Costa, Del Norte, El Dorado, Fresno, Glenn, Humboldt, Kings, Lake, Lassen, Madera, Marin, Mariposa, Mendocino, Merced, Modoc, Mono, Monterey, Napa, Nevada (CA), Placer, Plumas, Sacramento, San Benito, San Francisco, San Joaquin, San Mateo, Snata Clara, Santa Cruz, Shasta, Sierra, Siskiyou, Solano, Sonoma, Stanislaus, Sutter, Tehama, Trinity, Tulare, Tuolumne, Yolo, Yuba",San Jose/San Francisco,English,US,,North America
Northern Fujian,16570055,"Nanping, Sanming, Ningde, Fuzhou",Fuzhou,Min,CN,,China
Northern Guizhou,20080305,"Bijie, Zunyi, Guiyang, Tongren",Guiyang,Mandarin,CN,,China
Northern Iraq,23659364,"Duhok, Erbil, Sulaymaniyah and Halabja, Ninawa, Kirkuk, Salah Al-Din, Diyala, Baghdad, Al-Anbar",Baghdad,Arabic,IQ,,Middle East
Northern Kanto,13958268,"Gunma, Tochigi, Ibaraki, Saitama",Saitama,Japanese,JP,,Sea of Japan
Northern Karnataka,18595176,"Bidar, Kalaburagi, Yadagir, Raichur, Bellary, Vijayanagara, Bijapur, Koppal, Chitradurga, Davanagere, Haveri",Kalaburagi,Kannada,IN,,South Asia
Northern Luzon,10763166,"Ilocos, Cordillera AR, Cagayan Valley",Baguio,Filipino/Ilocano,PH,,Southeast Asia
Northern Mozambique,16434119,"Zambezia, Nampula, Cabo Delgado, Niassa, Comoros, Mayotte",Nampula,Portuguese,MZ,KM,South Africa
Northern Sichuan,26948860,"Guangyuan, Bazhong, Dazhou, Guang’an, Nanchong, Suining, Mianyang",Mianyang/Nanchong,Mandarin,CN,,China
Northern Spain,15275274,"A Coruna, Alava, Asturias, Cantabria, Gipuzkoa, Huesca, Lugo, Navarre, Orense, Pontevedra, Teruel, Zaragoza, Girona, Lleida, Barcelona, Tarragona",Barcelona,Spain,ES,,Western Europe
Northern Tamil Nadu,25514485,"Tiruvallur, Chennai, Kancheepuram, Ranipet, Vellore, Tirupathur, Tiruvannamalai, Chengalpattu, Viluppuram, Kallakurichi, Cuddalore, Puducherry",Chennai,Tamil,IN,,South Asia
Northern Thailand & Chao Phraya Basin,15701000,"Mae Hong Son, Chiang Mai, Chiang Rai, Phayao, Nan, Phrae, Lampang, Lamphun, Tak, Sukhothai, Phitsanulok, Uttaradit, Phetchabun, Phitchit, Kamphaeng Phet, Nakhon Sawan, Uthai Thani, Kanchanaburi, Suphan Buri, Ang Thong, Sing Buri, Lopburi, Chai Nat",Chiang Mai,Thai,TH,,Southeast Asia
Northwest Nigeria,25482972,"Kebbi, Sokoto, Zamfara, Katsina",Sokoto,Hausa/English,NG,,West Africa
Northwest Vietnam,13290000,"Hoa Binh, Son La, Dien Bien, Lai Chau, Lao Cai, Ha Giang, Cao Bang, Bac Kan, Tuyen Quang, Yen Bai, Phu Tho, Vinh Phuc, Thai Nguyen, Lang Son",Thai Nguyen,Vietnamese,VN,,Southeast Asia
Norweigan Sea,11522145,"Norway, Iceland, Denmark, Scotland, Faroe Islands",Glasgow/Oslo,Norweigan/English,NO,GB,Western Europe
Nyanza,12284029,"Migori, Homa Bay, Kisii, Nyamira, Kericho, Kisumu, Vihiga, Siaya, Nandi, Bomet, Kakamega, Busia",Kisumu,Swahili,KE,,East Africa
Odisha Highlands & Plateaus,20156397,"Malkangiri, Koraput, Nabarangpur, Kalahandi, Rayagada, Gajapati, Kandhamal, Boudh, Bolangir, Nuapada, Bargarh, Jharsuguda, Sundargarh, Sambalpur, Deogarh, Angul, Dhenkanal, Keonjhar, Subarnapur",Roukela,Odia,IN,,South Asia
Ohio River Valley,24884528,"Ohio, West Virginia, Kentucky, Indiana",Cleveland,English,US,,North America
Ontario,14223942,,Toronto,English,CA,,North America
Oranais & Saharan Algeria,14461172,"Tlemcen, Ain Timouchent, Oran, Mascara, Mostaganem, Relizane, Sidi Bel Abbes, Saida, Tiaret, Tissemsilt, Djelfa, M’Sila, Ouled Djellal, Biskra, El M’Ghair, El Oued, Touggourt, Ouargla, Illizi, Djanet, In Salah, Tamanrasset, In Guezzam, Bordj Baji Mokhtar, Adrar, Tindouf, Beni Abbes, Timimoun, Bechar, Naama, El Bayadh, Ghardaia, Laghouat, El Menia",Oran,Arabic,DZ,,North Africa
Pacific Coast of Mexico,13218000,"Coilma, Michoacan, Guerrero, Oaxaca",Morelia/Acapulco,Spanish,MX,,North America
Pacific Northwest,12675928,"Oregon, Washington, Alaska",Seattle,English,US,,North America
Papua New Guinea,11781559,,Port Moresby,Tok Pisin,PG,,Oceania
Paraguay & Northern Argentina,16148065,"Paraguay, Missiones, Corrientes, Chaco, Formosa, Salta, Santiago del Estero, Tucuman, Catamarca, La Rioja, Jujuy",Asuncion/San Miguel de Tucuman,Spanish,PY,AR,South America
Parahyangan,22007395,"Cimahi City, Bandung City, Bandung, West Bandung, Cianjur, Sukabumi City, Sukabumi, Sumedang, Garut, Tasikmalaya, Tasikmalaya City, Ciamis, Banjar City, Pangandaran, Purwakarta",Bandung,Sundanese,ID,,Southeast Asia
Patagonia & the Pampas,15321179,"Tierra del Fuego, Antartida e Islas del Atlantico Sur, Santa Cruz, Chubut, Rio Negro, Neuquen, La Pampa, Cordoba, Sante Fe, Entre Rios, Mendoza, San Luis, San Juan, Falkland Islands",Cordoba/Rosario,Spanish,AR,FK,South America
Pearl River Delta East,16509477,"Dongguan, Huizhou",Dongguan,Cantonese,CN,,China
Pearl River Delta North,25501209,"Guangzhou, Qingyuan, Shaoguan",Guangzhou,Cantonese,CN,,China
Pearl River Delta West,25949492,"Macau, Zhuhai, Zhongshan, Jiangmen, Foshan, Zhaoqing",Foshan,Cantonese,CN,MO,China
Peninsular Malaysia (excl. Johor),22106000,"Kedah, Perlis, Penang, Perak, Kelantan, Terengganu, Pahang, Selangor, Kuala Lumpur, Negeri Sembilan, Malacca, Putrajaya",Kuala Lumpur,Malay,MY,,Southeast Asia
Pennsylvania & New Jersey,22291694,"Pennsylvania, New Jersey",Philadelphia,English,US,,North America
Peruvian Andes and Amazon,14466980,"Loreto, Amazonas, Cajamarca, San Martin, Huanuco, Pasco, Junin, Ucayali, Madre de Dios, Cusco, Ayacucho, Huancavelica, Apurimac, Puno, Tacna, Moquegua, Arequipa",Arequipa,Spanish,PE,,South America
Peruvian Coast,21536708,"Tumbes, Piura, Lambayeque, La Libertad, Ancash, Lima, Lima Province, Callao, Ica",Lima,Spanish,PE,,South America
Po Valley,11735373,"Pavia (L), Milan (L), Monza and Brianza (L), Lodi (L), Cremona (L), Mantua (L), Veneto, Friuli-Venezia Giulia",Milan,Italian,IT,,Western Europe
Poland East of the Vistula,15638000,"Polaskie, Masovian, Lublin, Subcarpathian, Lesser Poland, Warmian-Masurian",Warsaw,Polish,PL,,Eastern Europe
Poland West of the Vistula,22615000,"West Pomeranian, Pomeranian, Kuyavian-Pomeranian, Greater Poland, Lubusz, Lower Silesian, Opole, Silesian, Lodz, Holy Cross",Katowice,Polish,PL,,Eastern Europe
Portugal,10467366,,Lisbon,Portuguese,PT,,Western Europe
Pothohar Plateau & Azad Kashmir,21563837,"Hazara, Islamabad Capital Territory, Rawalpindi, Azad Jammu and Kashmir, Gujrat",Islamabad,Urdu,PK,,South Asia
"Puerto Rico, Jamaica, and the Lesser Antilles",10620591,"Trinidad and Tobago, Grenada, Saint Vincent and the Grenadines, Barbados, Saint Lucia, Martinique, Dominica, Guadeloupe, Montserrat, Antigua and Barbuda, Saint Kitts and Nevis, Anguilla, British Virgin Islands, U.S. Virgin Islands, Aruba, Curacao, Bonaire, Saba, Saint Barthelemy, Saint-Martin, Sint Eustatius, Sint Maarten, Puerto Rico, Jamaica, Turks and Caicos Islands, Bahamas,  Federal Dependencies (Vz), Nueva Esparta, Bermuda",San Juan/Kingston,Various,PR,JM,Caribbean
Punjabi Malwa,16627039,"Fazilka, Firozpur, Faridkot, Sri Muktsar Sahib, Bathinda, Moga, Ludhiana, Barnala, Mansa, Sangrur, Malerkotla, Patiala, Fatehgarh Sahib, Sahibzada Ajit Singh Nagar, Rupnagar",Ludhiana,Punjabi,IN,,South Asia
Purvanchal,29741466,"Sonbhadra, Mirzapur, Chandauli, Varanasi, Sant Ravidas Nagar, Jaunpur, Ghazipur, Mau, Ballia, Azamgarh",Varanasi,Bhojpuri,IN,,South Asia
Purvanchal Range,10841000,"Tripura, Mizoram, Manipur, Nagaland",Agartala/Imphal,Various,IN,,South Asia
Qinling & Guanzhong,25467246,"Ankang, Hanzhong, Shangluo, Xi’an, Baoji, Xianyang",Xi’an,Mandarin,CN,,China
Quebec & Atlantic Canada,10917799,"Quebec, Newfoundland and Labrador, Nova Scotia, Prince Edward Island, New Brunswick, St. Pierre and Miquelon",Quebec,French/English,CA,,North America
Rajshahi,20353119,,Rajshahi,Bengali,BD,,South Asia
Rarh,29768671,"Murshidabad, Purba Bardhaman, Paschim Bardhaman, Birbhum, Bankura, Puruliya, Jamtara, Deoghar, Dumka, Godda",Asansol,Bengali,IN,,South Asia
Rayalaseema & South Andhra Coast,28658553,"Kurnool, Anatapur, Nandyal, YSR, Sri Sathya Sai, Annamayya, Chittoor, Tirupati, Sri Potti Sriramulu Nellore, Prakasam, Bapatla, NTR, Gunter, Palnadu",Vijayawada,Telugu,IN,,South Asia
Red River Delta,24178000,"Ninh Binh, Nam Dinh, Ha Nam, Ha Noi, Hai Duong, Thai Binh, Hung Yen, Hai Phong, Bac Ninh, Quang Ninh, Bac Giang",Hanoi,Vietnamese,VN,,Southeast Asia
Rhineland,23077591,"Saarland, Rhienland-Palatinate, North Rhine-Westphalia",Cologne,German,DE,,Western Europe
Rio de Janeiro & Espirito Santo,21423997,"Rio de Janeiro, Espirito Santa",Rio de Janeiro,Portuguese,BR,,South America
Rocky Mountains,12663034,"New Mexico, Colorado, Utah, Wyoming, Montana, Idaho",Denver,English,US,,North America
Rohilkhand,25798559,"Bijnor, Amroha, Sambhal, Moradabad, Rampur, Bareilly, Badaun, Shahjahanpur, Pilibhit",Moradabad/Bareilly,Hindi,IN,,South Asia
Romania & Moldova,21925258,"Romania, Moldova, Transnistria",Bucharest,Romanian,RO,MD,Eastern Europe
Russian North,27502713,"Tatarstan, Udmurtia, Kirov, Komi, Nenets, Arkhangelsk, Vologda, Murmansk, Karelia, Leningrad, Saint Petersburg, Novgorod, Pskov, Mari El, Chuvashia, Nizhny Novgorod, Tver, Kostroma, Yaroslvl",St. Petersburg,Russian,RU,,Eastern Europe
Russian-Occupied Ukraine & Frontlines,14680693,"Luhansk, Donetsk, Zaporizhzhia, Kherson, Kharkiv, Dnipropetrovsk",Kharkiv,Russian/Ukrainian,UA,,Eastern Europe
Rwanda,13246394,,Kigali,Kinyarwanda,RW,,East Africa
Santa Catarina & Parana,18841795,"Santa Catarina, Parana",Curitiba,Portuguese,BR,,South America
São Paulo Coast,25316980,"Metropolitana de Sao Paulo, Vale do Paraiba Paulista, Litoral Sul Paulista",São Paulo,Portuguese,BR,,South America
São Paulo Interior,19084258,"Presidente Prudente, Aracatuba, Sao Jose do Rio Preto, Riberirao Preto, Araquara, Bauru, Marilia, Assis, Itapetininga, Paracicaba, Campinas, Macro Metropolitanan Paulista",Campinas,Portuguese,BR,,South America
Satha Chaurasi,22185562,"Ghaziabad, Hapur, Gautam Buddha Nagar, Bulandshahr, Merrut, Baghpat, Muzaffarnagar, Shamli, Saharanpur",Ghaziabad/Meerut,Hindi,IN,,South Asia
Saurashtra & Rann of Kutch,17588458,"Morbi, Rajkot, Jamnagar, Devbhoomi Dwarka, Porbandar, Junagadh, Gir Somnath, Diu, Amreli, Bhavnagar, Surendranagar, Kutch",Rajkot,Gujarati,IN,,South Asia
Senegambia & Cape Verde,25660130,"Mauritania, Senegal, The Gambia, Cape Verde",Dakar,Various,SN,MR,West Africa
Seoul & Incheon,12667348,"Incheon, Seoul",Seoul,Korean,KR,,Sea of Japan
Sertão,12571632,"Ceara, Rio Grande do Norte",Fortaleza,Portuguese,BR,,South America
Shandong Peninsula,18488060,"Weihai, Yantai, Qingdao",Qingdao,Mandarin,CN,,China
Shanghai,24870895,,Shanghai,Wu,CN,,China
Shewa,20653541,"West Shewa, South West Shewa, North Shewa, Mulo, Burayu, Addis Ababa, Arsi, West Arsi, East Shewa, Adama",Addis Ababa,Amharic/Oromo,ET,,East Africa
Siberia,24768361,"Kamchatka, Chukotka, Magadan, Khabrovsk, Sakhalin, Primorsky, Jewish Autonomous Oblast, Amur, Zabaykalsky, Buryatia, Irtkutsk, Tuva, Krasnoyarsk, Khakassia, Kemerovo, Altai Republic, Altai Krai, Novosibirsk, Tomsk, Omsk, Sakha",Novosibirsk,Russian,RU,,Eastern Europe
Sierra Leone & Liberia,13742881,"Sierra Leone, Liberia",Freetown/Monrovia,Kiro/English,SL,LR,West Africa
Sierra Madre Oriental,12167000,"Nuevo Leon, Tamauiplas, San Luis Potosi",Monterrey,Spanish,MX,,North America
Singapore Strait,13386000,"Johor, Singapore, Riau Islands, Bangka Belitung Islands",Singapore,English/Malay,SG,MY,Southeast Asia
Solo Valley & Madura Island,15161393,"Sumenep, Pamekasan, Sampang, Bangkalan, Surabaya City, Sidoarjo, Gresik, Lamogan, Tuban, Bojonegoro, Ngawi",Surabaya,Javanese,ID,,Southeast Asia
Somali Ethiopia,20075470,"Somali, Afdem, Moyale, Borena, Guji, Bale, Meda Welabu, West Haraghe, East Hararghe, Harari, Dire Dawa",Dire Dawa,Somali/Oromo,ET,,East Africa
Somalia,18143379,,Mogadishu,Somali,SO,,East Africa
Songnen Plain,27657533,"Harbin, Daqing, Suihua, Yichun, Qiqihar, Heihe, Daxing’anling",Harbin,Mandarin,CN,,China
South Bihar,19077090,"Gaya, Nawada, Jehanabad, Nalanda, Aurangabad, Kaimur, Rohtas, Arwal, Sheikhpura",Gaya,Hindi,IN,,South Asia
South Guangdong Coast,18141595,"Zhanjiang, Maoming, Yangjiang, Yunfu",Zhanjiang,Cantonese,CN,,China
South Gujarat,19085380,"Dadra and Nagar Haveli, Valsad, Daman, Navsari, Dang, Tapi, Surat, Bharuch, Narmada, Chhota Udaipur, Vadodara, Anand",Surat,Gujarati,IN,,South Asia
South Hebei,16278793,"Handan, Xingtai",Handan,Mandarin,CN,,China
South Henan,22955940,"Nanyang, Zhumadian, Xinyang",Nanyang,Mandarin,CN,,China
South Konkan,13372064,"Raigarh, Ratnagiri, Sindhudurg, Goa, Kolhapur, Sangli",Vasco da Gama,Marathi,IN,,South Asia
South of England,15009462,"South West (Eng), South East (Eng), Guernsey, Jersey",Portsmouth/Bristol,English,GB,,Western Europe
South of France,11136859,"Corsica, Provence-Alpes-Cote d’Azur, Monaco, Occitanie, Andorra",Marseille,French,FR,AD,Western Europe
South Shanxi,18792178,"Yuncheng, Jincheng, Changzhi, Linfen, Luliang",Changzhi,Jin/Mandarin,CN,,China
South Sudan,13249924,,Juba,Arabic/English,SS,,East Africa
South Telangana,21045129,"Jogulamba Gadwal, Wanaparthy, Mahbubnagar, Narayanpet, Vikarabad, Ranga Reddy, Hyderabad, Sangareddy, Medak, Medchal-Malkajgiri, Yaddadri Bhuvanagiri, Nagarkurnool, Nalgonda, Suryapet, Jangaon, Khammam",Hyderabad,Telugu,IN,,South Asia
South West Bengal,21378506,"Hugli, Haora, Purba Medinipur, Pashchim Medinipur, Jhargram",Howrah/Kharagpur,Bengali,IN,,South Asia
Southeast Vietnam,20469000,"Long An, Ho Chi Minh City, Tay Ninh, Binh Duong, Dong Nai, Ba Ria-Vung Tau, Binh Phuoc",Ho Chi Minh City,Vietnamese,VN,,Southeast Asia
Southern California,18623093,"Kern, Los Angeles, Orange, San Diego, San Luis Obispo, Santa Barbara, Ventura",Los Angeles,English,US,,North America
Southern Ethiopia,23120151,"South West Ethiopia, (South Ethiopia & Central Ethiopia), Sidama, Hawassa",Awassa,Sidamo,ET,,East Africa
Southern Guizhou,14666163,"Liupanshui, Anshun, Quianxinan AP, Qiannan AP, Qiandongnan AP",Liupanshui/Anshun,Mandarin,CN,,China
Southern Hunan,27760928,"Chenzhou, Yongzhou, Hengyang, Shaoyang, Loudi",Hengyang,Xiang,CN,,China
Southern Jiangxi,25069062,"Yichun, Xinyu, Pingxiangm Ji’an, Fuzhou, Ganzhou",Pingxiang/Ganzhou,Gan,CN,,China
Southern Luzon,25419347,"Calabarzon, Bicol, Mimaropa",Dasmarinas,Filipino/Tagalog,PH,,Southeast Asia
Southern Mozambique ,13448955,"Maputo City, Maputo Province, Gaza, Inhambane, Sofala, Manica, Tete",Maputo,Portuguese,MZ,,South Africa
Southern Russia,27218632,"Dagestan, Chechnya, Ingushetia, North Ossetia-Alania, Kabardino-Balkaria, Karachay-Cherkessia, Stavropol, Kalmykia, Astrakhan, Sevastopol City, Crimea, Krasnodar, Adygea, Rostov, Volgograd, Abkhazia (Georgia unrec), South Ossetia (Georgia unrec)",Rostov-on-Don,Russian,RU,,Eastern Europe
Southern Sichuan Basin,16781518,"Luzhou, Yibin, Zigong, Nejiang, Ziyang",Luzhou/Zigong,Mandarin,CN,,China
Southern Sumatra,19893700,"Bengkulu, South Sumatra, Lampung",Palembang,Minangkabau,ID,,Southeast Asia
Southern Thailand,11658000,"Narathiwat, Yala, Pattani, Songkhla, Satun, Trang, Phatthalung, Nakhon Si Thammarat, Krabi, Surat Thani, Phuket, Phang Nga, Ranong, Chumphon, Prachuap Khiri Khan, Phetchaburi, Ratchaburi",Surat Thani/Phuket,Thai,TH,,Southeast Asia
Southwest Afghanistan,13079130,"Nimruz, Helmand, Kandahar, Farah, Herat, Uruzgan, Daykundi, Ghor, Badghis, Faryab, Zabul, Ghazni, Patika, Jowzjan, Sar-e Pol",Herat,Persian,AF,,Central Asia
Sri Lanka & the Maldives,22419751,"Sri Lanka, Maldives",Colombo,Sinhala/Dhivehi,LK,MV,South Asia
Sudanese Nile,22172058,"Northern, River Nile, Red Sea, Kassala, al Qadarif, Sennar, Blue Nile, Khartoum, White Nile",Khartoum,Arabic,SD,,East Africa
Suez,21375674,"South Sinai, North Sinai, Suez, Ismailia, Port Said, Red Sea, Dakahlia, Damietta, Sharqia",Port Said/Suez,Arabic,EG,,North Africa
Sulawesi (ex. North Sulawesi),17644900,"Southeast Sulawesi, South Sulawesi, West Sulawesi, Central Sulawesi, Gorontalo",Makassar,Buginese/Makassarese,ID,,Southeast Asia
Sundarbans,16335440,"Faridpur, Gopalganj, Madaripur, Rajbari, Shariatpur, Barisal",Barisal,Bengali,IN,,South Asia
Sweden,10558012,,Stockholm,Swedish,SE,,Western Europe
Swiss and French Alps,16974242,"Switzerland, Auvergne-Rhone-Alpes",Lyon/Zurich,French/German,CH,FR,Western Europe
Sylhet & East of the Meghna River,25127497,"Sylhet, Brahmanbaria, Comilla, Chandpur, Lakshmipur",Sylhet/Cumilla,Bengali,BD,,South Asia
Syria & Lebanon,28413000,"Syria, Lebanon",Damascus/Beirut,Arabic,SY,LB,Middle East
Taiwan,23399654,,Taipei,Mandarin,CN,,China
Tajikistan,10077600,,Dushanbe,Persian,TJ,,Central Asia
Tanzanian Coast,17940124,"Pemba North, Pemba South, Unguja North, Unguja South, Mjini Magharibi, Tanga, Pwani, Dar es Salaam, Lindi, Morogoro, Mtwara",Dar es Salaam,Swahili,TZ,,East Africa
Texas,29145505,,Dallas/Houston,English,US,,North America
Thar Desert,27096603,"Jaisalmer, Barmer, Bikaner, Ganganagar, Hanumangarh, Jodhpur, Churu, Nagaur, Jalor, Pali, Sikar, Jhunjhunun",Jodhpur,Rajasthani,IN,,South Asia
Three Gorges,21749581,"Wushan, Fengjie, Wuxi, Chengkou, Kaizhou, Yunyang, Wanzhou, Liangping, Zhongxian, Shizhu, Pengshui, Qianjiang, Youyang, Xiushan, Wulong, Fuling, Fengdu, Nanchuan, Qijiang, Dianjiang, Changshou, Enshi Tujia and Miao AP (Hubei), Yichang (Hubei), Shennongjia FD (Hubei)",Yichang,Mandarin,CN,,China
Tibet,11889586,"Tibet, Garze Tibetan AP, Ngawa Tibetan and Qiang AP, Deqen Tibetan AP, Qinghai",Xining/Lhasa,Tibetan/Mandarin,CN,,China
Tigray & Eritrea,12664356,"Eritrea, Tigray, Afar, Djibouti",Asmara,Tigrigna,ET,ER,East Africa
Tokyo Bay,29555244,"Tokyo, Kanagawa, Chiba",Tokyo,Japanese,JP,,Sea of Japan
Travancore,12345528,"Thiruvananthapuram, Kollam, Pathanamthitta, Alappuzha, Kottayam, Idukki",Thiruvananthapuram,Malayalam,IN,,South Asia
Tunisia & Libya,18781293,"Libya, Tunisia",Tunis,Arabic,TN,LY,North Africa
Turkish Black Sea & Eastern Anatolia,14204535,"Duzce, Bolu, Cankiri, Karabuk, Zonguldak, Barti, Kastamonu, Sinop, Samsun, Corum, Amasya, Tokat, Ordu, Giresun, Gumushane, Bayburt, Trabzon, Rize, Artvin, Ardahan, Kars, Igdir, Agri, Erzurum, Erzincan, Tunceli, Elazig, Malatya, Bingol, Mus, Bitlis, Van, Hakkari",Samsun,Turkish,TR,,Eastern Europe
Turkish Mesopotamia,10381742,"Kamchatka, Chukotka, Magadan, Khabrovsk, Sakhalin, Primorsky, Jewish Autonomous Oblast, Amur, Zabaykalsky, Buryatia, Irtkutsk, Tuva, Krasnoyarsk, Khakassia, Kemerovo, Altai Republic, Altai Krai, Novosibirsk, Tomsk, Omsk, Sakha",Sanliurfa/Gaziantep,Turkish/Kurmanji,TR,,Eastern Europe
Turkmenistan & Eastern Iran,22272841,"Turkmenistan, North Khorasan, Razavi Khorasan, South Khorasan, Sistan and Baluchestan, Kerman, Yazd",Mashhad/Ashbagat,Persian/Turkmen,TM,IR,Central Asia
Tyrrhenian Sea,15333002,"Corsica, Sardinia, Sicily, Malta, Calabria, Basilicata, Campania",Naples/Palmermo,Italian/Maltese,IT,MT,Western Europe
United Arab Emirates & Oman,14395481,"United Arab Emirates, Oman",Dubai,Arabic,AE,OM,Middle East
Upper & Eastern France,14886198,"Normandie, Hauts-de-France, Grand Est",Lille/Strasbourg,French,FR,,Western Europe
Upper and Middle Sindh,28266776,"Larkana, Sukkur, Shaheed Benazirabad, Mirpur Khas, Hyderabad",Hyderabad,Urdu/Sindhi,PK,,South Asia
Upper Egypt,12818304,"Sohag, Qena, Luxor, Aswan, New Valley",Luxor,Arabic,EG,,North Africa
Upper Midwest,22456637,"Michigan, Wisconsin, Minnesota, North Dakota",Detroit,English,US,,North America
Upper Myanmar,26299296,"Chin, Magway, Mandalay, Sagaing, Naga, Kachin, Shan, Danu, Pa’O, Wa, Kokang, Pa Laung, Kayah, Naypyidaw",Mandalay,Burmese,MM,,Southeast Asia
Urals,29649533,"Yamalo-Nenets, Khanty-Mansi, Tyumen, Sverdlovsk, Kurgan, Chelyabinsk, Perm, Bashkortostan, Orenburg, Samara, Saratov, Penza, Mordovia, Ulyanovsk",Yekaterinburg,Russian,RU,,Eastern Europe
Uruguay & Rio Grande do Sul,14909515,"Uruguay, Rio Grande do Sul",Porto Alegre/Montevideo,Spanish/Portuguese,UY,BR,South America
Uttar Pradesh North of the Ghaghara,27229977,"Deoria, Kushinagar, Maharajganj, Gorakhpur Sant Kabir Nagar, Basti, Siddharthnagar, Balrampur, Gonda, Shravasti",Gorakhpur,Hindi,IN,,South Asia
Uttarandhra,20974253,"Srikakulam, Parvathipuram Manyam, Vizianagaram, Visakhapatnam, Alluri Sitharama Raju, Anakapalli, Kakinada, East Godavari Dr. B.R. Ambedkar Konaseema, Yanam (PD), West Godavari, Eluru, Krishna",Visakhapatnam,Telugu,IN,,South Asia
Uzbekistan (excluding Fergana Valley),25728000,"Karakalpakstan, Khorezm, Bukhara, Navoiy, Kashkadarya, Samarkand, Surkhandarya, Jizzakh, Syrdarya, Tashkent, Tashkent City",Tashkent,Uzbek,UZ,,Central Asia
Valley of Mexico,29522000,"Mexico City, Mexico (State), Hidalgo",Mexico City,Spanish,MX,,North America
Valley of Peshawar & Southern Khyber Pakhtunkhwa,21591548,"Peshawar, Mardan, Kohat, Bannu, Dera Ismail Khan",Peshawar,Urdu,PK,,South Asia
Venezuelan Andes & Amazon,10840000,"Barinas, Merida, Tachira, Trujillo, Amazonas, Bolivar, Delta Amacuro, Apure, Guarico, Zulia",Maracaibo,Spanish,VE,,South America
Venezuelan Caribbean,17413901,"Miranda, La Guaira, Aragua, Carabobo, Cojedes, Falcon, Lara, Portuguesa, Yaracuy, Anzoategui, Monagas, Sucre, Capital District",Caracas,Spanish,VE,,South America
Vidarbha,23012551,"Gadchiroli, Gondiya, Bhandara, Chandrapur, Nagpur, Wardha, Amaravati, Yavatmal, Akola, Washim, Buldana",Nagpur,Marathi,IN,,South Asia
Vietnamese North Central Coast,14417000,"Quang Nam, Da Nang, Thua Thien-Hue, Quang Tri, Quang Binh, Ha Tinh, Nghe An, Thanh Hoa",Da Nang,Vietnamese,VN,,Southeast Asia
Vietnamese South Central Coast & Highlands,13930000,"Lam Dong, Dak Nong, Dak Lak, Gai Lai, Kon Tum, Binh Thuan, Ninh Thuan, Khanh Hoa, Phu Yen, Binh Dinh, Quang Nai",Nha Trang/Buon Ma Thoat,Vietnamese,VN,,Southeast Asia
Visayas,20513328,"Central Visayas, Western Visayas, Eastern Visayas",Cebu City,Filipino/Cebuano,PH,,Southeast Asia
Wales & the Midlands,19377932,"Wales, West Midlands, East Midlands, Yorkshire and the Humber",Birmingham,English,GB,,Western Europe
Wenzhou & Inland Zhejiang,21407166,"Quzhou, Jinhua, Lishui, Wenzhou",Wenzhou,Wu,CN,,China
West Henan,18327551,"Sanmenxia, Luoyang, Jiyuan, Jiaozuo, Pingdingshan",Luoyang,Mandarin,CN,,China
West Mindanao,13808925,"Bangsamoro, Zamboanga Penninsula, Northern Mindanao",Zamboanga City,Filipino/Cebuano,PH,,Southeast Asia
West Mithila,28771104,"Begusarai, Samastipur, Darbhanga, Madhubani, Sitamarhi, Sheohar, Purba Champaran, Paschim Champaran",Darbhanga,Hindi,IN,,South Asia
West Nanling Mountains,23726724,"Guilin, Hezhou, Wuzhou, Liuzhou, Hechi, Laibin, Guigang",Liuzhou/Guilin,Mandarin,CN,,China
Western Colombian Andes,10818094,"Antioquia, Caldas, Risaralda, Quindio, Tolima",Medellin,Spanish,CO,,South America
Western Ethiopia,13508987,"Benishangul-Gumuz, West Welega, Kelam Welega, Illubabor, Jimma, Jima, East Welega, Horo Guduru Welega, Gambela",Jimma,Oromo,ET,,East Africa
Western New Guinea & Maluku,11462507,"South Papua, Highland Papua, Papua, Central Papua, West Papua, Southwest Papua, Maluku, North Maluku, North Sulawesi",Manado/Jayapura,Papuan Malay,ID,,Southeast Asia
Xinjiang,25852345,,Urumqi,Uyghur/Mandarin,CN,,China
Yan Mountains,17847885,"Chnegde, Zhangjiakou, Baoding",Baoding,Mandarin,CN,,China
Yemeni Republic,10775114,"Taiz, Lahij, Aden, Abyan, Dhale, Shabwah, Hadramaut, Al Mahrah, Socotra Archipelago, Ma’rib",Ta’izz,Arabic,YE,,Middle East
Yogyakarta & the Central Java Mountains,21416265,"Cilacap, Banyumas, Purbalingga, Banjarnegara, Kebumen, Purworejo, Wonosobo, Temanggung, Magelang, Magelang City, Yogyakarta Special Region, Klaten, Surakarta City, Sragen, Karanganyar, Sukoharjo, Wonogiri, Boyolali",Surakarta/Yogyakarta,Javanese,ID,,Southeast Asia
Yorubaland,24305540,"Ogun, Oyo, Osun, Ekiti, Kwara",Ibadan,Yoruba/English,NG,,West Africa
Yunnan Mountains & Rivers,19521652,"Lijiang, Nujiang Lisu, Dali Bai, Baoshan, Dehong Dai and Jingpo, Lincang, Pu’er, Xishuangbanna Dai, Chuxiong Yi, Yuxi",Dali,Mandarin,CN,,China
Zagros Mountains and Valleys,28316000,"Kermanshah, Hamadan, Markazi, Qom, Isfahan, Lorestan, Ilam, Khuzestan, Chaharmahal and Bakhtiari, Kohgiluyeh and Boyer-Ahmad Bushehr, Fars, Hormozgan",Ishahan/Shiraz,Persian,IR,,Central Asia
Zambia,19610769,,Lusaka,English/Nyanja,ZM,,Central Africa
Zhejiang Coast,17184988,"Zhoushan, Ningbo, Taizhou",Ningbo,Wu,CN,,China
Zimbabwe & Botswana,17589317,"Zimbabwe, Botswana",Harare,Shona,ZW,BW,South Africa
Ziya Watershed,21022695,"Shijiazhuang, Hengshui, Cangzhou",Shijiazhuang,Mandarin,CN,,China
Zona da Mata,19631772,"Paraiba, Pernambuco, Alagoas, Sergipe",Recife,Portuguese,BR,,South America
